method,space,n_clusters_param,n_clusters_found,ari,silhouette,bic
gmm,latent,7,7,0.7719902527612019,0.4942339360713959,155797.4202892406
dp,latent,20,20,0.5619546906522697,0.26954299211502075,
