method,space,n_clusters_param,n_clusters_found,ari,silhouette,bic
gmm,pca,7,7,0.8193375714737539,0.5674226880073547,235039.07736969565
dp,pca,20,20,0.7864595868376476,0.30420780181884766,
