method,space,n_clusters_param,n_clusters_found,ari,silhouette,bic
gmm,pca,7,7,0.802609031103469,0.3640197813510895,2319581.958475685
dp,pca,20,20,0.5391178681038907,0.11691828817129135,
