method,space,n_clusters_param,n_clusters_found,ari,silhouette,bic
gmm,latent,7,7,0.78214609067665,0.4791814386844635,186427.5099819234
dp,latent,20,20,0.5930202086312082,0.2782866358757019,
