method,space,n_clusters_param,n_clusters_found,ari,silhouette,bic
gmm,latent,7,7,0.8103972817611605,0.5151447057723999,371192.6267969391
dp,latent,20,20,0.568625913250832,0.2521512508392334,
